label,f1,precision,recall
low_avse,0.9459127800204805,0.9304345413174981,0.9619147068442221
high_avse,0.9971912474561447,0.9981455629485549,0.9962387550408438
dcr,0.9926318455454032,0.9864983826456458,0.9988420540862682
lq,0.9015548489447768,0.8561454882216367,0.952050969641588
